Jitlada Restaurant,5233 Sunset Blvd. Los Angeles. CA 90027. USA,34.0985757,-118.3040366
SUBWAYÂ®Restaurants,5537 Sunset Blvd #109. Los Angeles. CA 90028. USA,34.0983781,-118.3106331
Pollo Campero - Sunset Blvd.,5547 Sunset Blvd. Los Angeles. CA 90028. USA,34.098266,-118.311214
Pa Ord Noodle,5301 Sunset Blvd #8. Los Angeles. CA 90027. USA,34.0985826,-118.3061549
El Pollo Loco,5319 Sunset Blvd. Los Angeles. CA 90027. USA,34.0983781,-118.3067404
Ono Hawaiian BBQ,5539 Sunset Blvd. Los Angeles. CA 90028. USA,34.0982831,-118.3107223
Ocha Restaurant,5405 Sunset Blvd. Los Angeles. CA 90027. USA,34.0985409,-118.3074988
Panda Express,5543 Sunset Blvd. Los Angeles. CA 90028. USA,34.0983783,-118.3108439
King Buffet,1375 N Western Ave. Los Angeles. CA 90027. USA,34.0966375,-118.3095466
Jamba Juice Hollywood & Western,5453 Hollywood Blvd c. Los Angeles. CA 90027. USA,34.1019267,-118.3089419
McDonald's,5450 Sunset Blvd. Los Angeles. CA 90027. USA,34.0977918,-118.3089271
Siam Sunset,5265 Sunset Blvd. Los Angeles. CA 90027. USA,34.0983102,-118.3047576
Burger King,5609 Sunset Blvd. Los Angeles. CA 90028. USA,34.0985969,-118.3116517
Raw Cane SuperJuice,5301 Sunset Blvd #7. Los Angeles. CA 90027. USA,34.098252,-118.3060675
Rincon Oaxaqueno Restaurant,1544 N Western Ave. Los Angeles. CA 90027. USA,34.0994797,-118.3090036
Thai Barbeque Hollywood,5324 Hollywood Blvd. Los Angeles. CA 90027. USA,34.1015987,-118.3065904
Ahipoki Bowl,5553 Sunset Blvd #108. Los Angeles. CA 90028. USA,34.0983455,-118.3113474
Lux Restaurant La,5237 Sunset Blvd. Los Angeles. CA 90027. USA,34.0985516,-118.3042215
Ocha Classic Restaurant,4911. 5310 Hollywood Blvd. Los Angeles. CA 90027. USA,34.1015101,-118.3062987
Leo's Taco Truck,5525 Sunset Blvd. Los Angeles. CA 90028. USA,34.0986396,-118.3099502
à¸¸¢à¸²à¸¡à¸à¸±àà¹¨¹à¸à¸,5255 Sunset Blvd. Los Angeles. CA 90027. USA,34.0983187,-118.3047905
breckfast and lunch serviced,5401 Hollywood Blvd. Los Angeles. CA 90027. USA,34.101895,-118.307373
Boran Thai Restaurant,3405 5401. Hollywood Blvd. Los Angeles. CA 90027. USA,34.1019472,-118.3074225